popularity,source_package,binary_package,script,already_done
,caml-crush,caml-crush-server,caml-crush-server,0
,dibbler,dibbler-client,dibbler-client,0
,dibbler,dibbler-relay,dibbler-relay,0
,dibbler,dibbler-server,dibbler-server,0
,elida,elida,elida,0
,fai,fai-nfsroot,fai-abort,0
,freewnn,freewnn-cserver,freewnn-cserver,0
,freewnn,freewnn-jserver,freewnn-jserver,0
,freewnn,freewnn-kserver,freewnn-kserver,0
,proxy-suite,ftp-proxy,ftp-proxy,0
,globus-scheduler-event-generator,globus-scheduler-event-generator-progs,globus-scheduler-event-generator,0
,gridengine,gridengine-exec,gridengine-exec,0
,gridengine,gridengine-master,gridengine-master,0
,gsmlib,gsm-utils,gsm-utils,0
,hippotat,hippotat-server,hippotatd,0
,inetutils,inetutils-inetd,inetutils-inetd,0
,inetutils,inetutils-syslogd,inetutils-syslogd,0
,isc-dhcp,isc-dhcp-relay,isc-dhcp-relay,0
,isc-dhcp,isc-dhcp-server,isc-dhcp-server,0
,libvirt,libvirt-daemon-system-sysv,libvirt-guests,0
,libvirt,libvirt-daemon-system-sysv,libvirtd,0
,xsp,mono-xsp4,mono-xsp4,0
,nbd,nbd-server,nbd-server,0
,nss-pam-ldapd,nslcd,nslcd,0
,oar,oar-node,oar-node,0
,oar,oar-server,oar-server,0
,open-build-service,obs-worker,obsworker,0
,openstack-meta-packages,openstack-tempest-ci-live-booter,openstack-tempest-ci-live-booter,0
,openvswitch,openvswitch-testcontroller,openvswitch-testcontroller,0
,openvswitch,openvswitch-vtep,openvswitch-vtep,0
,nss-pam-ldapd,pynslcd,pynslcd,0
,rplay,rplay-server,rplay,0
,rsplib,rsplib-registrar,rsplib-registrar,0
,netkit-rwho,rwhod,rwhod,0
,cyrus-sasl2,sasl2-bin,saslauthd,0
,openldap,slapd,slapd,0
,slony1-2,slony1-2-bin,slony1,0
,tango,tango-accesscontrol,tango-accesscontrol,0
,tango,tango-db,tango-db,0
,tango,tango-starter,tango-starter,0
,torrus,torrus-common,torrus-common,0
,wvstreams,uniconfd,uniconfd,0
,libvirt,libvirt-daemon-system-sysv,virtlogd,0
,voms,voms-server,voms,0
,wide-dhcpv6,wide-dhcpv6-client,wide-dhcpv6-client,0
,wide-dhcpv6,wide-dhcpv6-relay,wide-dhcpv6-relay,0
,wide-dhcpv6,wide-dhcpv6-server,wide-dhcpv6-server,0
,zemberek-server,zemberek-server,zemberek-server,0
,zephyr,zephyr-server,zephyrd,0
,zephyr,zephyr-server-krb5,zephyrd,0
,zephyr,zephyr-clients,zhm,0
34,util-linux,util-linux-extra,hwclock.sh,0
45,procps,procps,procps,0
111,kmod,kmod,kmod,0
130,busybox,busybox-syslogd,busybox-klogd,0
130,busybox,busybox-syslogd,busybox-syslogd,0
130,busybox,udhcpd,udhcpd,0
147,console-setup,console-setup-freebsd,console-setup.sh,0
147,console-setup,console-setup-linux,console-setup.sh,0
147,console-setup,console-setup-freebsd,keyboard-setup.sh,0
147,console-setup,console-setup-linux,keyboard-setup.sh,0
253,sudo,sudo-ldap,sudo-ldap,0
600,git,git-daemon-sysvinit,git-daemon,0
890,xorg,x11-common,x11-common,0
1037,speech-dispatcher,speech-dispatcher,speech-dispatcher,0
1594,screen,screen,screen-cleanup,0
2694,exim4,exim4-base,exim4,0
3685,cryptsetup,cryptsetup,cryptdisks,0
3685,cryptsetup,cryptsetup,cryptdisks-early,0
3869,sysvinit,sysv-rc,README,0
3869,sysvinit,bootlogd,bootlogd,0
3869,sysvinit,initscripts,bootlogs,0
3869,sysvinit,initscripts,bootmisc.sh,0
3869,sysvinit,initscripts,brightness,0
3869,sysvinit,initscripts,checkfs.sh,0
3869,sysvinit,initscripts,checkroot-bootclean.sh,0
3869,sysvinit,initscripts,checkroot.sh,0
3869,sysvinit,initscripts,halt,0
3869,sysvinit,initscripts,hostname.sh,0
3869,sysvinit,initscripts,killprocs,0
3869,sysvinit,initscripts,mount-configfs,0
3869,sysvinit,initscripts,mountall-bootclean.sh,0
3869,sysvinit,initscripts,mountall.sh,0
3869,sysvinit,initscripts,mountdevsubfs.sh,0
3869,sysvinit,initscripts,mountkernfs.sh,0
3869,sysvinit,initscripts,mountnfs-bootclean.sh,0
3869,sysvinit,initscripts,mountnfs.sh,0
3869,sysvinit,sysv-rc,rc,0
3869,sysvinit,initscripts,rc.local,0
3869,sysvinit,sysv-rc,rcS,0
3869,sysvinit,initscripts,reboot,0
3869,sysvinit,initscripts,rmnologin,0
3869,sysvinit,initscripts,sendsigs,0
3869,sysvinit,initscripts,single,0
3869,sysvinit,bootlogd,stop-bootlogd,0
3869,sysvinit,bootlogd,stop-bootlogd-single,0
3869,sysvinit,initscripts,umountfs,0
3869,sysvinit,initscripts,umountnfs.sh,0
3869,sysvinit,initscripts,umountroot,0
3869,sysvinit,initscripts,urandom,0
4169,galera-3,galera-arbitrator-3,garb,0
4493,rrdtool,rrdcached,rrdcached,0
4552,clamav,clamav-milter,clamav-milter,0
4813,cpufrequtils,cpufrequtils,cpufrequtils,0
4813,cpufrequtils,cpufrequtils,loadcpufreq,0
6055,monit,monit,monit,0
6104,timidity,timidity-daemon,timidity,0
6396,xinetd,xinetd,xinetd,0
6608,openipmi,openipmi,openipmi,0
6865,preload,preload,preload,0
7335,sysfsutils,sysfsutils,sysfsutils,0
7379,munin,munin,munin,0
8302,fetchmail,fetchmail,fetchmail,0
8551,stunnel4,stunnel4,stunnel4,0
8799,ifplugd,ifplugd,ifplugd,0
9109,sendmail,sendmail-bin,sendmail,0
9543,alsa-tools,ld10k1,ld10k1,0
10134,xl2tpd,xl2tpd,xl2tpd,0
10292,gkrellm,gkrellmd,gkrellmd,0
10346,linuxlogo,linuxlogo,linuxlogo,0
10385,mpd,mpd,mpd,0
10498,mpt-status,mpt-status,mpt-statusd,0
11129,tftp-hpa,tftpd-hpa,tftpd-hpa,0
11188,kexec-tools,kexec-tools,kexec,0
11188,kexec-tools,kexec-tools,kexec-load,0
11389,uwsgi,uwsgi,uwsgi,0
11429,mumble,mumble-server,mumble-server,0
11688,ipvsadm,ipvsadm,ipvsadm,0
12180,amule,amule-daemon,amule-daemon,0
12373,uml-utilities,uml-utilities,uml-utilities,0
13213,pcp,pcp,pcp,0
13598,rng-tools-debian,rng-tools-debian,rng-tools-debian,0
13800,edac-utils,edac-utils,edac,0
14454,sbuild,buildd,buildd,0
14753,dictd,dictd,dictd,0
14936,lpr,lpr,lpd,0
15043,pure-ftpd,pure-ftpd,pure-ftpd,0
15043,pure-ftpd,pure-ftpd-ldap,pure-ftpd-ldap,0
15043,pure-ftpd,pure-ftpd-mysql,pure-ftpd-mysql,0
15043,pure-ftpd,pure-ftpd-postgresql,pure-ftpd-postgresql,0
15354,ceph,radosgw,radosgw,0
16104,scsitools,scsitools,scsitools-pre.sh,0
16104,scsitools,scsitools,scsitools.sh,0
16572,icecast2,icecast2,icecast2,0
17267,cpufreqd,cpufreqd,cpufreqd,0
17383,multipath-tools,multipath-tools-boot,multipath-tools-boot,0
17684,aumix,aumix-common,aumix,0
18485,pcaputils,pcaputils,pcapdump,0
18896,lsyncd,lsyncd,lsyncd,0
20181,vtun,vtun,vtun,0
20219,shellinabox,shellinabox,shellinabox,0
21067,netperf,netperf,netperf,0
21215,sabnzbdplus,sabnzbdplus,sabnzbdplus,0
21487,darkstat,darkstat,darkstat,0
21906,bluemon,bluemon,bluemon,0
22018,pioneers,pioneers-metaserver,pioneers-metaserver,0
22811,distcc,distcc,distcc,0
23029,spamass-milter,spamass-milter,spamass-milter,0
24659,lprng,lprng,lprng,0
24870,portsentry,portsentry,portsentry,0
24881,samhain,samhain,samhain,0
25694,ganeti,ganeti,ganeti,0
26184,sphinxsearch,sphinxsearch,sphinxsearch,0
26634,rlinetd,rlinetd,rlinetd,0
26861,cachefilesd,cachefilesd,cachefilesd,0
27464,thin,thin,thin,0
27857,mgetty,mgetty-fax,mgetty-fax,0
27875,elogind,elogind,elogind,0
28359,icecc,icecc,icecc-scheduler,0
28359,icecc,icecc,iceccd,0
28426,inadyn,inadyn,inadyn,0
28665,webfs,webfs,webfs,0
28778,live-config,live-config-sysvinit,live-config,0
29015,and,and,and,0
29421,tetrinetx,tetrinetx,tetrinetx,0
29651,dump1090-mutability,dump1090-mutability,dump1090-mutability,0
29726,csync2,csync2,csync2,0
30011,rotter,rotter,rotter,0
30287,darkice,darkice,darkice,0
30357,apt-cacher,apt-cacher,apt-cacher,0
30426,smstools,smstools,smstools,0
30686,bitlbee,bitlbee-common,bitlbee,0
30867,debian-edu-config,debian-edu-config,chromium-ldapconf,0
30867,debian-edu-config,debian-edu-config,enable-nat,0
30867,debian-edu-config,debian-edu-config,fetch-ldap-cert,0
30867,debian-edu-config,debian-edu-config,fetch-rootca-cert,0
30867,debian-edu-config,debian-edu-config,firefox-ldapconf,0
31030,miredo,miredo-server,miredo-server,0
31272,nas,nas,nas,0
31309,vmtouch,vmtouch,vmtouch,0
31392,policyd-weight,policyd-weight,policyd-weight,0
32172,debian-edu-install,debian-edu-install,xdebian-edu-firstboot,0
32550,snmptrapfmt,snmptrapfmt,snmptrapfmt,0
32781,fastd,fastd,fastd,0
33349,collectl,collectl,collectl,0
33874,n2n,n2n,n2n,0
35504,iaxmodem,iaxmodem,iaxmodem,0
35614,xmbmon,mbmon,mbmon,0
35616,zookeeper,zookeeperd,zookeeper,0
35618,arpalert,arpalert,arpalert,0
36123,dhcp-probe,dhcp-probe,dhcp-probe,0
36785,jitterentropy-rngd,jitterentropy-rngd,jitterentropy-rngd,0
36846,openrc,openrc,agetty,0
36846,openrc,openrc,cgroups,0
36846,openrc,openrc,rc,0
36846,openrc,openrc,rcS,0
36846,openrc,openrc,savecache,0
37200,mini-httpd,mini-httpd,mini-httpd,0
37771,ocfs2-tools,ocfs2-tools,o2cb,0
37771,ocfs2-tools,ocfs2-tools,ocfs2,0
37878,httpry,httpry-daemon,httpry,0
38204,squeezelite,squeezelite,squeezelite,0
38204,squeezelite,squeezelite-pa,squeezelite,0
38204,squeezelite,squeezelite-pulseaudio,squeezelite,0
38771,amavisd-milter,amavisd-milter,amavisd-milter,0
39288,mpdscribble,mpdscribble,mpdscribble,0
39364,apf-firewall,apf-firewall,apf-firewall,0
39621,cntlm,cntlm,cntlm,0
39882,cwdaemon,cwdaemon,cwdaemon,0
40812,mysecureshell,mysecureshell,mysecureshell,0
41044,popa3d,popa3d,popa3d,0
41317,vdradmin-am,vdradmin-am,vdradmin-am,0
41569,tayga,tayga,tayga,0
41581,aprx,aprx,aprx,0
41831,tcpspy,tcpspy,tcpspy,0
42199,fprobe,fprobe,fprobe,0
42375,ndppd,ndppd,ndppd,0
42684,ptunnel,ptunnel,ptunnel,0
43274,xymon,xymon,xymon,0
43274,xymon,xymon-client,xymon-client,0
43567,console-log,console-log,console-log,0
43573,dns2tcp,dns2tcp,dns2tcp,0
43600,igmpproxy,igmpproxy,igmpproxy,0
44041,ptpd,ptpd,ptpd,0
44078,stun,stun-server,stun,0
44472,ipfm,ipfm,ipfm,0
44479,kannel,kannel,kannel,0
44926,p910nd,p910nd,p910nd,0
45046,ipwatchd,ipwatchd,ipwatchd,0
45626,sleepd,sleepd,sleepd,0
46326,sysrqd,sysrqd,sysrqd,0
46942,net-acct,net-acct,net-acct,0
47502,das-watchdog,das-watchdog,das-watchdog,0
47716,pommed,pommed,pommed,0
48159,rarpd,rarpd,rarpd,0
48618,ekeyd,ekeyd,ekeyd,0
48618,ekeyd,ekeyd-egd-linux,ekeyd-egd-linux,0
49253,macfanctld,macfanctld,macfanctld,0
49265,mumudvb,mumudvb,mumudvb,0
49268,netplug,netplug,netplug,0
49282,pandorafms-agent,pandorafms-agent,pandorafms-agent,0
49345,restartd,restartd,restartd,0
49407,cvsd,cvsd,cvsd,0
49470,ircd-hybrid,ircd-hybrid,ircd-hybrid,0
49684,opensysusers,opensysusers,opensysusers,0
49789,tryton-server,tryton-server,tryton-server-cron,0
49789,tryton-server,tryton-server,tryton-server-worker,0
50156,powerman,powerman,powerman,0
50236,sitesummary,sitesummary-client,sitesummary-client,0
50355,gbrowse,gbrowse,gbrowse-aws-balancer,0
50355,gbrowse,gbrowse,gbrowse-slave,0
52180,ola,ola,olad,0
52318,virtuoso-opensource,virtuoso-opensource-7,virtuoso-opensource-7,0
52325,whereami,whereami,whereami,0
52484,inetsim,inetsim,inetsim,0
52948,userv,userv,userv,0
53435,perdition,perdition,perdition,0
53739,hpsockd,hpsockd,hpsockd,0
53754,ippl,ippl,ippl,0
54270,canna,canna,canna,0
54922,clsync,clsync,clsync,0
55338,postfix-gld,postfix-gld,gld,0
55405,qpsmtpd,qpsmtpd,qpsmtpd,0
55834,libnet-proxy-perl,libnet-proxy-perl,sslh,0
55997,mysqmail,mysqmail-courier-logger,mysqmail-courier-logger,0
55997,mysqmail,mysqmail-dovecot-logger,mysqmail-dovecot-logger,0
55997,mysqmail,mysqmail-postfix-logger,mysqmail-postfix-logger,0
55997,mysqmail,mysqmail-pure-ftpd-logger,mysqmail-pure-ftpd-logger,0
57052,iptotal,iptotal,iptotal,0
57707,didiwiki,didiwiki,didiwiki,0
57789,istgt,istgt,istgt,0
58480,uif,uif,uif,0
58520,activemq,activemq,activemq,0
59429,sqlgrey,sqlgrey,sqlgrey,0
60380,squidtaild,squidtaild,squidtaild,0
60456,bwbar,bwbar,bwbar,0
60529,fetch-crl,fetch-crl,fetch-crl-boot,0
60529,fetch-crl,fetch-crl,fetch-crl-cron,0
61039,pads,pads,pads,0
61202,repmgr,repmgr-common,repmgrd,0
62195,solid-pop3d,solid-pop3d,solid-pop3d,0
62402,diod,diod,diod,0
62548,jabberd2,jabberd2,jabberd2,0
62993,llmnrd,llmnrd,llmnrd,0
63482,dphys-config,dphys-config,dphys-config,0
64557,yubiserver,yubiserver,yubiserver,0
65440,olpc-powerd,olpc-powerd,olpc-powerd,0
65726,sagan,sagan,sagan,0
65857,babeld,babeld,babeld,0
65957,dmucs,dmucs,dmucs,0
65985,farpd,farpd,farpd,0
66023,gearman-server,gearman-server,gearman-server,0
66058,gvpe,gvpe,gvpe,0
66846,pyro4,pyro4,pyro4-nsd,0
67197,couriergraph,couriergraph,couriergraph,0
67329,guidedog,guidedog,guidedog,0
68428,reniced,reniced,reniced,0
68540,tenshi,tenshi,tenshi,0
68865,gap-scscp,gap-scscp,gapd,0
69859,plptools,plptools,plptools,0
70116,scanlogd,scanlogd,scanlogd,0
70215,welcome2l,welcome2l,welcome2l,0
70478,distributed-net,distributed-net,distributed-net,0
72095,ahcpd,ahcpd,ahcpd,0
72110,atheme-services,atheme-services,atheme-services,0
72447,ifetch-tools,ifetch-tools,ifetch-tools,0
73236,mason,mason,mason,0
73858,watchcatd,watchcatd,watchcatd,0
74096,doodle,doodled,doodled,0
75281,minicoredumper,minicoredumper,minicoredumper,0
75994,speechd-up,speechd-up,speechd-up,0
76179,avr-evtd,avr-evtd,avr-evtd,0
76185,bcron,bcron,bcron-sched,0
76185,bcron,bcron,bcron-spool,0
76185,bcron,bcron,bcron-update,0
76206,bucardo,bucardo,bucardo,0
76573,irker,irker,irker,0
78694,esekeyd,esekeyd,esekeyd,0
78982,ipband,ipband,ipband,0
80452,oss-preserve,oss-preserve,oss-preserve,0
80567,ptunnel-ng,ptunnel-ng,ptunnel-ng,0
80846,remote-tty,remote-tty,remote-tty,0
80944,solarpowerlog,solarpowerlog,solarpowerlog,0
81069,uhub,uhub,uhub,0
81165,zurl,zurl,zurl,0
81384,cyrus-imspd,cyrus-imspd,cyrus-imspd,0
81434,dhis-client,dhis-client,dhis-client,0
81747,gsm0710muxd,gsm0710muxd,gsm0710muxd,0
81839,ircd-ircu,ircd-ircu,ircd-ircu,0
83254,minisapserver,minisapserver,minisapserver,0
83333,nield,nield,nield,0
83982,ramond,ramond,ramond,0
84527,camo,camo,camo,0
85083,gross,gross,gross,0
87060,omnievents,omnievents,omniorb-eventservice,0
87756,shishi,shishi-kdc,shishi-kdc,0
91131,loggerhead,loggerhead,loggerhead,0
91574,perlbal,perlbal,perlbal,0
92467,tircd,tircd,tircd,0
92510,tvoe,tvoe,tvoe,0
93365,errbot,errbot,errbot,0
97093,pinto,pinto,pinto,0
97900,secnet,secnet,secnet,0
98238,uanytun,uanytun,uanytun,0
99137,dhis-server,dhis-server,dhis-server,0
99643,gnustep-base,gnustep-base-runtime,gdomap,0
99974,hopm,hopm,hopm,0
103369,nagzilla,nagzilla,nagzillad,0
103750,openstack-cluster-installer,openstack-cluster-installer-poc,oci-poc-virtual-network,0
113121,lnpd,lnpd,lnpd,0
116905,xringd,xringd,xringd,0
117285,android-androresolvd,android-androresolvd,android-androresolvd,0
121487,heimdal,heimdal-kcm,heimdal-kcm,0
121487,heimdal,heimdal-kdc,heimdal-kdc,0
122093,jamnntpd,jamnntpd,jamnntpd,0
130690,olpc-kbdshim,olpc-kbdshim,olpc-kbdshim,0
133284,quickml,quickml,quickml,0
135349,ums2net,ums2net,ums2net,0
135900,xen,xen-utils-common,xen,0
135900,xen,xen-utils-common,xendomains,0
136049,yaku-ns,yaku-ns,yaku-ns,0
144140,fair,fair,fair,0
146597,gmrender-resurrect,gmediarender,gmediarender,0
174004,mactelnet,mactelnet-server,mactelnet-server,0
176882,npd6,npd6,npd6,0
181098,ppp-gatekeeper,ppp-gatekeeper,ppp-gatekeeper,0
185579,rtirq,rtirq-init,rtirq,0
186369,sauce,sauce,sauce,0
187782,stompserver,stompserver,stompserver,0
188014,sxmo-utils,sxmo-utils,sxmo-setpermissions,0
191477,x2gothinclient,x2gothinclient-chroot,x2gothinclient-chroot,0
,aodh,aodh-api,aodh-api,1
,aodh,aodh-evaluator,aodh-evaluator,1
,aodh,aodh-expirer,aodh-expirer,1
,aodh,aodh-listener,aodh-listener,1
,aodh,aodh-notifier,aodh-notifier,1
,apache-directory-server,apacheds,apacheds,1
,python-ara,ara-server,ara-server,1
,nordugrid-arc,nordugrid-arc-arex,arc-arex,1
,nordugrid-arc,nordugrid-arc-arex,arc-arex-ws,1
,nordugrid-arc,nordugrid-arc-datadelivery-service,arc-datadelivery-service,1
,nordugrid-arc,nordugrid-arc-gridftpd,arc-gridftpd,1
,nordugrid-arc,nordugrid-arc-infosys-ldap,arc-infosys-ldap,1
,nordugrid-arc,nordugrid-arc-hed,arched,1
,linux-atm,atm-tools,atm,1
,audit,auditd,auditd,1
,barbican,barbican-api,barbican-api,1
,barbican,barbican-keystone-listener,barbican-keystone-listener,1
,barbican,barbican-worker,barbican-worker,1
,biometric-authentication,biometric-auth,biometric-authentication,1
,netkit-bootparamd,bootparamd,bootparamd,1
,boxbackup,boxbackup-client,boxbackup-client,1
,boxbackup,boxbackup-server,boxbackup-server,1
,carbon-c-relay,carbon-c-relay,carbon-c-relay,1
,ceilometer,ceilometer-agent-central,ceilometer-agent-central,1
,ceilometer,ceilometer-agent-compute,ceilometer-agent-compute,1
,ceilometer,ceilometer-agent-ipmi,ceilometer-agent-ipmi,1
,ceilometer,ceilometer-agent-notification,ceilometer-agent-notification,1
,ceilometer,ceilometer-polling,ceilometer-polling,1
,cinder,cinder-api,cinder-api,1
,cinder,cinder-backup,cinder-backup,1
,cinder,cinder-scheduler,cinder-scheduler,1
,cinder,cinder-volume,cinder-volume,1
,clickhouse,clickhouse-server,clickhouse-server,1
,cloudkitty,cloudkitty-api,cloudkitty-api,1
,cloudkitty,cloudkitty-processor,cloudkitty-processor,1
,conntrack-tools,conntrackd,conntrackd,1
,conserver,conserver-server,conserver-server,1
,courier,courier-mta,courier,1
,courier,courier-imap,courier-imap,1
,courier,courier-imap,courier-imap-ssl,1
,courier,courier-ldap,courier-ldap,1
,courier,courier-mlm,courier-mlm,1
,courier,courier-mta,courier-msa,1
,courier,courier-mta,courier-mta,1
,courier,courier-mta,courier-mta-ssl,1
,courier,courier-pop,courier-pop,1
,courier,courier-pop,courier-pop-ssl,1
,courier,courier-mta,courierfilter,1
,crossfire,crossfire-server,crossfire-server,1
,gavodachs,gavodachs2-server,dachs,1
,dante,dante-server,danted,1
,dlm,dlm-controld,dlm,1
,dovecot,dovecot-core,dovecot,1
,golang-github-coreos-discovery-etcd-io,etcd-discovery,etcd-discovery,1
,firebird3.0,firebird3.0-server,firebird3.0,1
,freezer-api,freezer-api,freezer-api,1
,fwknop,fwknop-server,fwknop-server,1
,ganglia,ganglia-monitor,ganglia-monitor,1
,gearmand,gearman-job-server,gearman-job-server,1
,gfarm,gfmd,gfmd,1
,gfarm,gfsd,gfsd,1
,globus-gridftp-server,globus-gridftp-server-progs,globus-gridftp-server,1
,globus-gridftp-server,globus-gridftp-server-progs,globus-gridftp-sshftp,1
,ganglia,gmetad,gmetad,1
,gnocchi,gnocchi-api,gnocchi-api,1
,gnocchi,gnocchi-metricd,gnocchi-metricd,1
,gnocchi,gnocchi-statsd,gnocchi-statsd,1
,heat,heat-api,heat-api,1
,heat,heat-api-cfn,heat-api-cfn,1
,heat,heat-engine,heat-engine,1
,wpa,hostapd,hostapd,1
,linux,hyperv-daemons,hv-fcopy-daemon,1
,linux,hyperv-daemons,hv-kvp-daemon,1
,linux,hyperv-daemons,hv-vss-daemon,1
,ikiwiki-hosting,ikiwiki-hosting-web,ikiwiki-hosting-web,1
,up-imapproxy,imapproxy,imapproxy,1
,ironic,ironic-api,ironic-api,1
,ironic,ironic-conductor,ironic-conductor,1
,networking-baremetal,ironic-neutron-agent,ironic-neutron-agent,1
,open-isns,open-isns-server,isnsd,1
,open-isns,open-isns-discoveryd,isnsdd,1
,jool,jool-tools,jool,1
,jool,jool-tools,jool_siit,1
,homer-api,homer-api,kamailio-homer,1
,krb5,krb5-admin-server,krb5-admin-server,1
,krb5,krb5-kdc,krb5-kdc,1
,krb5,krb5-kpropd,krb5-kpropd,1
,kup,kup-server,kup-server,1
,kxd,kxd,kxd,1
,lbcd,lbcd,lbcd,1
,ltt-control,lttng-tools,lttng-sessiond,1
,mailman-suite,mailman3-web,mailman3-web,1
,manila,manila-api,manila-api,1
,manila,manila-data,manila-data,1
,manila,manila-scheduler,manila-scheduler,1
,manila,manila-share,manila-share,1
,mariadb,mariadb-server,mariadb,1
,masakari,masakari-api,masakari-api,1
,masakari,masakari-engine,masakari-engine,1
,masakari-monitors,masakari-host-monitor,masakari-host-monitor,1
,masakari-monitors,masakari-instance-monitor,masakari-instance-monitor,1
,masakari-monitors,masakari-introspective-instance-monitor,masakari-introspective-instance-monitor,1
,masakari-monitors,masakari-process-monitor,masakari-process-monitor,1
,mistral,mistral-api,mistral-api,1
,mistral,mistral-engine,mistral-engine,1
,mistral,mistral-event-engine,mistral-event-engine,1
,mistral,mistral-executor,mistral-executor,1
,etbemon,mon,mon,1
,moosefs,moosefs-cgiserv,moosefs-cgiserv,1
,moosefs,moosefs-chunkserver,moosefs-chunkserver,1
,moosefs,moosefs-master,moosefs-master,1
,moosefs,moosefs-metalogger,moosefs-metalogger,1
,murano-agent,murano-agent,murano-agent,1
,murano,murano-api,murano-api,1
,murano,murano-cfapi,murano-cfapi,1
,murano,murano-engine,murano-engine,1
,nagios-nrpe,nagios-nrpe-server,nagios-nrpe-server,1
,nbd,nbd-client,nbd-client,1
,neutron,neutron-api,neutron-api,1
,neutron-dynamic-routing,neutron-bgp-dragent,neutron-bgp-dragent,1
,neutron,neutron-dhcp-agent,neutron-dhcp-agent,1
,networking-l2gw,neutron-l2gateway-agent,neutron-l2gateway-agent,1
,neutron,neutron-l3-agent,neutron-l3-agent,1
,neutron,neutron-linuxbridge-agent,neutron-linuxbridge-agent,1
,neutron,neutron-macvtap-agent,neutron-macvtap-agent,1
,neutron,neutron-metadata-agent,neutron-metadata-agent,1
,neutron,neutron-metering-agent,neutron-metering-agent,1
,neutron,neutron-openvswitch-agent,neutron-openvswitch-agent,1
,neutron,neutron-ovn-metadata-agent,neutron-ovn-metadata-agent,1
,neutron,neutron-rpc-server,neutron-rpc-server,1
,neutron,neutron-sriov-agent,neutron-sriov-agent,1
,neutron-taas,neutron-taas-openvswitch-agent,neutron-taas-openvswitch-agent,1
,neutron-vpnaas,neutron-vpnaas-vyatta-agent,neutron-vpnaas-vyatta-agent,1
,nfs-utils,nfs-common,nfs-common,1
,nfs-utils,nfs-kernel-server,nfs-kernel-server,1
,nova,nova-api,nova-api,1
,nova,nova-api,nova-api-metadata,1
,nova,nova-compute,nova-compute,1
,nova,nova-conductor,nova-conductor,1
,nova,nova-consoleproxy,nova-novncproxy,1
,nova,nova-scheduler,nova-scheduler,1
,nova,nova-consoleproxy,nova-serialproxy,1
,nova,nova-consoleproxy,nova-spicehtml5proxy,1
,nsca-ng,nsca-ng-server,nsca-ng-server,1
,glibc,nscd,nscd,1
,octavia,octavia-agent,octavia-agent,1
,octavia,octavia-agent,octavia-agent-certs-ramfs,1
,octavia,octavia-agent,octavia-agent-netns,1
,octavia,octavia-api,octavia-api,1
,octavia,octavia-driver-agent,octavia-driver-agent,1
,octavia,octavia-health-manager,octavia-health-manager,1
,octavia,octavia-housekeeping,octavia-housekeeping,1
,octavia,octavia-worker,octavia-worker,1
,openafs,openafs-client,openafs-client,1
,openafs,openafs-fileserver,openafs-fileserver,1
,openvswitch,openvswitch-ipsec,openvswitch-ipsec,1
,openvswitch,openvswitch-switch,openvswitch-switch,1
,placement,placement-api,placement-api,1
,proftpd-dfsg,proftpd-core,proftpd,1
,spf-engine,pyspf-milter,pyspf-milter,1
,iortcw,rtcw-server,rtcw-server,1
,sane-backends,sane-utils,saned,1
,zvmcloudconnector,zvmcloudconnector-api,sdkserver,1
,senlin,senlin-api,senlin-api,1
,senlin,senlin-conductor,senlin-conductor,1
,senlin,senlin-engine,senlin-engine,1
,senlin,senlin-health-manager,senlin-health-manager,1
,golang-github-hashicorp-serf,serf,serf,1
,shibboleth-sp,shibboleth-sp-utils,shibd,1
,node-shiny-server,shiny-server,shiny-server,1
,snapcast,snapclient,snapclient,1
,snapcast,snapserver,snapserver,1
,sndio,sndiod,sndiod,1
,net-snmp,snmpd,snmpd,1
,net-snmp,snmptrapd,snmptrapd,1
,softether-vpn,softether-vpnserver,softether-vpnserver,1
,courier,sqwebmail,sqwebmail,1
,svxlink,svxlink-server,svxlink,1
,svxlink,svxreflector,svxreflector,1
,tcmu,tcmu-runner,tcmu-runner,1
,moonshot-trust-router,moonshot-trust-router,tids,1
,openstack-trove,trove-api,trove-api,1
,openstack-trove,trove-conductor,trove-conductor,1
,openstack-trove,trove-guestagent,trove-guestagent,1
,openstack-trove,trove-taskmanager,trove-taskmanager,1
,golang-v2ray-core,v2ray,v2ray,1
,victoriametrics,victoria-metrics,victoria-metrics,1
,vitrage,vitrage-api,vitrage-api,1
,vitrage,vitrage-collector,vitrage-collector,1
,vitrage,vitrage-graph,vitrage-graph,1
,vitrage,vitrage-ml,vitrage-ml,1
,vitrage,vitrage-notifier,vitrage-notifier,1
,vitrage,vitrage-persistor,vitrage-persistor,1
,vitrage,vitrage-snmp-parsing,vitrage-snmp-parsing,1
,watcher,watcher-api,watcher-api,1
,watcher,watcher-applier,watcher-applier,1
,watcher,watcher-decision-engine,watcher-decision-engine,1
,zaqar,zaqar-server,zaqar-server,1
,zfs-linux,zfsutils-linux,zfs-import,1
,zfs-linux,zfsutils-linux,zfs-load-key,1
,zfs-linux,zfsutils-linux,zfs-mount,1
,zfs-linux,zfsutils-linux,zfs-share,1
,zfs-linux,zfs-zed,zfs-zed,1
34,util-linux,uuid-runtime,uuidd,1
67,cron,cron,cron,1
118,ifupdown,ifupdown,networking,1
132,dbus,dbus,dbus,1
157,systemd,udev,udev,1
253,sudo,sudo,sudo,1
267,apparmor,apparmor,apparmor,1
540,rsync,rsync,rsync,1
789,anacron,anacron,anacron,1
824,alsa-utils,alsa-utils,alsa-utils,1
951,cups-filters,cups-browsed,cups-browsed,1
954,cups,cups-daemon,cups,1
1015,bluez,bluez,bluetooth,1
1038,plymouth,plymouth,plymouth,1
1038,plymouth,plymouth,plymouth-log,1
1093,pulseaudio,pulseaudio,pulseaudio-enable-autospawn,1
1094,unattended-upgrades,unattended-upgrades,unattended-upgrades,1
1404,lm-sensors,fancontrol,fancontrol,1
1404,lm-sensors,lm-sensors,lm-sensors,1
1419,apache2,apache2,apache-htcacheclean,1
1419,apache2,apache2,apache2,1
1538,rpcbind,rpcbind,rpcbind,1
1619,smartmontools,smartmontools,smartmontools,1
1627,gdm3,gdm3,gdm3,1
1699,wireless-tools,ifrename,ifrename,1
1821,lightdm,lightdm,lightdm,1
1985,at,at,atd,1
1997,acpid,acpid,acpid,1
2049,sysstat,sysstat,sysstat,1
2413,postfix,postfix,postfix,1
2480,samba,ctdb,ctdb,1
2480,samba,samba,nmbd,1
2480,samba,samba,samba-ad-dc,1
2480,samba,samba,smbd,1
2480,samba,winbind,winbind,1
2594,binfmt-support,binfmt-support,binfmt-support,1
2718,irqbalance,irqbalance,irqbalance,1
2726,fail2ban,fail2ban,fail2ban,1
2770,mdadm,mdadm,mdadm,1
2770,mdadm,mdadm,mdadm-waitidle,1
2863,open-vm-tools,open-vm-tools,open-vm-tools,1
2897,sddm,sddm,sddm,1
2953,openvpn,openvpn,openvpn,1
3084,haveged,haveged,haveged,1
3152,postgresql-common,postgresql-common,postgresql,1
3388,nginx,nginx-common,nginx,1
3583,galera-4,galera-arbitrator-4,garb,1
3745,cgroupfs-mount,cgroupfs-mount,cgroupfs-mount,1
3817,ufw,ufw,ufw,1
4355,bind9,bind9,named,1
4552,clamav,clamav-daemon,clamav-daemon,1
4552,clamav,clamav-freshclam,clamav-freshclam,1
4571,resolvconf,resolvconf,resolvconf,1
4651,minissdpd,minissdpd,minissdpd,1
4830,atop,atop,atop,1
4830,atop,atop,atopacct,1
4839,openbsd-inetd,openbsd-inetd,openbsd-inetd,1
4859,iptables-persistent,netfilter-persistent,netfilter-persistent,1
4934,nvidia-persistenced,nvidia-persistenced,nvidia-persistenced,1
4939,iperf3,iperf3,iperf3,1
5106,docker.io,docker.io,docker,1
5486,tpm2-abrmd,tpm2-abrmd,tpm2-abrmd,1
5640,policycoreutils,policycoreutils,selinux-autorelabel,1
5758,quota,quota,quota,1
5758,quota,quota,quotarpc,1
5792,spamassassin,spamd,spamd,1
6003,ipmitool,ipmitool,ipmievd,1
6049,tor,tor,tor,1
6085,chrony,chrony,chrony,1
6195,lxcfs,lxcfs,lxcfs,1
6350,deluge,deluged,deluged,1
6363,vsftpd,vsftpd,vsftpd,1
6375,xrdp,xrdp,xrdp,1
6387,memcached,memcached,memcached,1
6389,dnsmasq,dnsmasq,dnsmasq,1
6467,qemu,qemu-guest-agent,qemu-guest-agent,1
6606,open-iscsi,open-iscsi,iscsid,1
6606,open-iscsi,iscsiuio,iscsiuio,1
6606,open-iscsi,open-iscsi,open-iscsi,1
6836,autofs,autofs,autofs,1
7379,munin,munin-async,munin-async,1
7379,munin,munin-node,munin-node,1
7503,php8.2,php8.2-fpm,php8.2-fpm,1
7563,vnstat,vnstat,vnstat,1
7586,sssd,sssd-common,sssd,1
7710,corosync,corosync,corosync,1
7710,corosync,corosync-notifyd,corosync-notifyd,1
7721,transmission,transmission-daemon,transmission-daemon,1
7824,ofono,ofono,dundee,1
7824,ofono,ofono,ofono,1
7901,lighttpd,lighttpd,lighttpd,1
8156,minidlna,minidlna,minidlna,1
8251,fio,fio,fio,1
8252,connman,connman,connman,1
8314,unbound,unbound,unbound,1
8446,prometheus-node-exporter,prometheus-node-exporter,prometheus-node-exporter,1
8464,rabbitmq-server,rabbitmq-server,rabbitmq-server,1
8482,ntpsec,ntpsec,ntpsec,1
8530,apcupsd,apcupsd,apcupsd,1
8530,apcupsd,apcupsd,ups-monitor,1
8552,gpm,gpm,gpm,1
8624,uptimed,uptimed,uptimed,1
8658,lxc,lxc,lxc,1
8658,lxc,lxc,lxc-net,1
8922,msmtp,msmtp-mta,msmtpd,1
8946,quassel,quassel-core,quasselcore,1
8965,tlp,tlp,tlp,1
8981,acpi-support,acpi-fakekey,acpi-fakekey,1
8981,acpi-support,acpi-support,acpi-support,1
9052,squid,squid,squid,1
9052,squid,squid-openssl,squid,1
9082,supervisor,supervisor,supervisor,1
9223,icinga2,icinga2-bin,icinga2,1
9325,lldpd,lldpd,lldpd,1
9491,glances,glances,glances,1
9556,mosquitto,mosquitto,mosquitto,1
9662,strongswan,strongswan-starter,ipsec,1
9727,nullmailer,nullmailer,nullmailer,1
9796,collectd,collectd-core,collectd,1
9807,amavisd-new,amavisd-new,amavis,1
9807,amavisd-new,amavisd-new,amavis-mc,1
9807,amavisd-new,amavisd-new,amavisd-snmp-subagent,1
9919,shorewall,shorewall,shorewall,1
9919,shorewall,shorewall-init,shorewall-init,1
9919,shorewall,shorewall-lite,shorewall-lite,1
9919,shorewall,shorewall6,shorewall6,1
9919,shorewall,shorewall6-lite,shorewall6-lite,1
9937,ferm,ferm,ferm,1
10094,puppet-agent,puppet-agent,puppet,1
10136,haproxy,haproxy,haproxy,1
10269,ddclient,ddclient,ddclient,1
10369,opendkim,opendkim,opendkim,1
10400,ndisc6,rdnssd,rdnssd,1
10474,redis,redis-sentinel,redis-sentinel,1
10474,redis,redis-server,redis-server,1
10538,x2goserver,x2goserver,x2goserver,1
10557,postgrey,postgrey,postgrey,1
10701,schroot,schroot,schroot,1
10705,syslog-ng,syslog-ng-core,syslog-ng,1
10778,netdata,netdata-core,netdata,1
10855,nut,nut-client,nut-client,1
10855,nut,nut-server,nut-server,1
10855,nut,nut-client,ups-monitor,1
10858,sshguard,sshguard,sshguard,1
11007,setserial,setserial,etc-setserial,1
11007,setserial,setserial,setserial,1
11067,watchdog,watchdog,watchdog,1
11067,watchdog,watchdog,wd_keepalive,1
11171,minetest,minetest-server,minetest-server,1
11257,dhcpcd5,dhcpcd,dhcpcd,1
11316,xpra,xpra,xpra,1
11389,uwsgi,uwsgi-emperor,uwsgi-emperor,1
11823,acct,acct,acct,1
11862,nvi,nvi,nvi,1
12122,freeradius,freeradius,freeradius,1
12588,fcgiwrap,fcgiwrap,fcgiwrap,1
12592,courier-authlib,courier-authdaemon,courier-authdaemon,1
12773,lirc,lirc,lircd,1
12773,lirc,lirc,lircmd,1
12823,cloud-init,cloud-init,cloud-config,1
12823,cloud-init,cloud-init,cloud-final,1
12823,cloud-init,cloud-init,cloud-init,1
12823,cloud-init,cloud-init,cloud-init-local,1
12937,unscd,unscd,unscd,1
12988,privoxy,privoxy,privoxy,1
13033,keepalived,keepalived,keepalived,1
13093,openntpd,openntpd,openntpd,1
13094,rasdaemon,rasdaemon,rasdaemon,1
13149,apt-cacher-ng,apt-cacher-ng,apt-cacher-ng,1
13213,pcp,pcp,pmcd,1
13213,pcp,pcp,pmie,1
13213,pcp,pcp,pmlogger,1
13213,pcp,pcp,pmproxy,1
13288,rspamd,rspamd,rspamd,1
13506,munge,munge,munge,1
13619,spice-vdagent,spice-vdagent,spice-vdagent,1
13799,xdm,xdm,xdm,1
13830,influxdb,influxdb,influxdb,1
14077,coturn,coturn,coturn,1
14284,dphys-swapfile,dphys-swapfile,dphys-swapfile,1
14348,radvd,radvd,radvd,1
14425,arpwatch,arpwatch,arpwatch,1
14672,cluster-glue,cluster-glue,logd,1
14788,laptop-mode-tools,laptop-mode-tools,laptop-mode,1
14819,game-data-packager,quake-server,quake-server,1
14819,game-data-packager,quake2-server,quake2-server,1
14819,game-data-packager,quake3-server,quake3-server,1
14897,slim,slim,slim,1
14902,mrtg,mrtg,mrtg,1
14918,resource-agents,ldirectord,ldirectord,1
14961,pptpd,pptpd,pptpd,1
14963,tinc,tinc,tinc,1
15137,fake-hwclock,fake-hwclock,fake-hwclock,1
15236,drbd-utils,drbd-utils,drbd,1
15360,osspd,osspd,osspd,1
15383,bird,bird,bird,1
15383,bird,bird,bird6,1
15777,prosody,prosody,prosody,1
15844,ulogd2,ulogd2,ulogd2,1
15877,openarena,openarena-server,openarena-server,1
15929,knockd,knockd,knockd,1
15942,netdiag,netdiag,netdiag,1
15996,smokeping,smokeping,smokeping,1
16283,bumblebee,bumblebee,bumblebeed,1
16408,zoneminder,zoneminder,zoneminder,1
16673,pacemaker,pacemaker,pacemaker,1
16673,pacemaker,pacemaker-remote,pacemaker_remote,1
16889,incron,incron,incron,1
16902,backuppc,backuppc,backuppc,1
17285,armagetronad,armagetronad-dedicated,armagetronad-dedicated,1
17383,multipath-tools,multipath-tools,multipath-tools,1
17610,iwd,iwd,iwd,1
17682,varnish,varnish,varnish,1
17682,varnish,varnish,varnishncsa,1
18280,certmonger,certmonger,certmonger,1
18357,atftp,atftpd,atftpd,1
18653,triggerhappy,triggerhappy,triggerhappy,1
18742,prometheus,prometheus,prometheus,1
18780,fence-agents,fence-virtd,fence_virtd,1
18866,frr,frr,frr,1
18924,lxdm,lxdm,lxdm,1
19105,tinyproxy,tinyproxy,tinyproxy,1
19336,bzflag,bzflag-server,bzflag,1
19468,ypbind-mt,ypbind-mt,ypbind,1
19482,prometheus-exporter-exporter,prometheus-exporter-exporter,prometheus-exporter-exporter,1
19542,thinkfan,thinkfan,thinkfan,1
19913,tuptime,tuptime,tuptime,1
20124,boinc,boinc-client,boinc-client,1
20179,tgt,tgt,tgt,1
20586,gammu,gammu-smsd,gammu-smsd,1
20620,ejabberd,ejabberd,ejabberd,1
20654,oidentd,oidentd,oidentd,1
20692,wesnoth-1.16,wesnoth-1.16-server,wesnoth-1.16-server,1
20705,cyrus-imapd,cyrus-common,cyrus-imapd,1
20749,radicale,radicale,radicale,1
20765,iodine,iodine,iodined,1
20788,burp,burp,burp,1
20859,rng-tools5,rng-tools5,rngd,1
21007,live-tools,live-tools,live-tools,1
21183,ipmiutil,ipmiutil,ipmi_port,1
21183,ipmiutil,ipmiutil,ipmiutil_asy,1
21183,ipmiutil,ipmiutil,ipmiutil_evt,1
21183,ipmiutil,ipmiutil,ipmiutil_wdt,1
21323,ypserv,ypserv,yppasswdd,1
21323,ypserv,ypserv,ypserv,1
21323,ypserv,ypserv,ypxfrd,1
21448,mailgraph,mailgraph,mailgraph,1
21511,vdr,vdr,vdr,1
21618,mopidy,mopidy,mopidy,1
21728,pppconfig,pppconfig,dns-clean,1
21765,earlyoom,earlyoom,earlyoom,1
21808,opendmarc,opendmarc,opendmarc,1
21845,davmail,davmail-server,davmail-server,1
21846,dropbear,dropbear,dropbear,1
21901,rdma-core,rdma-core,iwpmd,1
21901,rdma-core,srptools,srptools,1
22028,brltty,brltty,brltty,1
22199,postsrsd,postsrsd,postsrsd,1
22371,iwatch,iwatch,iwatch,1
22676,monitorix,monitorix,monitorix,1
22997,sogo,sogo,sogo,1
23127,kdump-tools,kdump-tools,kdump-tools,1
23292,trousers,trousers,trousers,1
23461,shadowsocks-libev,shadowsocks-libev,shadowsocks-libev,1
23748,pcs,pcs-snmp,pcs_snmp_agent,1
23748,pcs,pcs,pcsd,1
23748,pcs,pcs,pcsd-ruby,1
23788,bird2,bird2,bird,1
24027,heartbeat,heartbeat,heartbeat,1
24053,snmptt,snmptt,snmptt,1
24066,firehol,firehol,firehol,1
24066,firehol,fireqos,fireqos,1
24514,ledmon,ledmon,ledmon,1
24532,numad,numad,numad,1
24592,sslh,sslh,sslh,1
24722,gerbera,gerbera,gerbera,1
24799,arno-iptables-firewall,arno-iptables-firewall,arno-iptables-firewall,1
24837,adjtimex,adjtimex,adjtimex,1
24933,clamsmtp,clamsmtp,clamsmtp,1
25105,hd-idle,hd-idle,hd-idle,1
25270,postfix-mta-sts-resolver,postfix-mta-sts-resolver,postfix-mta-sts-resolver,1
25275,rinetd,rinetd,rinetd,1
25306,ifupdown-extra,ifupdown-extra,networking-routes,1
25343,swapspace,swapspace,swapspace,1
26269,nodm,nodm,nodm,1
26409,monopd,monopd,monopd,1
26592,espeakup,espeakup,espeakup,1
26670,nfdump,nfdump,nfdump,1
26706,greylistd,greylistd,greylistd,1
26743,usbguard,usbguard,usbguard,1
26743,usbguard,usbguard,usbguard-dbus,1
26786,opensm,opensm,opensm,1
27016,prometheus-varnish-exporter,prometheus-varnish-exporter,prometheus-varnish-exporter,1
27036,docker-registry,docker-registry,docker-registry,1
27132,pgbouncer,pgbouncer,pgbouncer,1
27144,battery-stats,battery-stats,battery-stats,1
27180,ser2net,ser2net,ser2net,1
27305,slashem,slashem-common,slashem-common,1
27310,zfs-fuse,zfs-fuse,zfs-fuse,1
27641,bacula,bacula-director,bacula-director,1
27641,bacula,bacula-fd,bacula-fd,1
27641,bacula,bacula-sd,bacula-sd,1
27797,nsca,nsca,nsca,1
28082,prometheus-nginx-exporter,prometheus-nginx-exporter,prometheus-nginx-exporter,1
28425,i8kutils,i8kutils,i8kmon,1
28467,spacenavd,spacenavd,spacenavd,1
28529,suricata,suricata,suricata,1
28646,opensmtpd,opensmtpd,opensmtpd,1
28712,nagios4,nagios4-common,nagios4,1
28888,hdapsd,hdapsd,hdapsd,1
29178,graphite-carbon,graphite-carbon,carbon-cache,1
29840,nsd,nsd,nsd,1
29939,slurm-wlm,slurmctld,slurmctld,1
29939,slurm-wlm,slurmd,slurmd,1
29939,slurm-wlm,slurmdbd,slurmdbd,1
30155,mailman3,mailman3,mailman3,1
30424,scanbd,scanbd,scanbd,1
30434,beanstalkd,beanstalkd,beanstalkd,1
30569,orthanc,orthanc,orthanc,1
30571,prometheus-pushgateway,prometheus-pushgateway,prometheus-pushgateway,1
31030,miredo,miredo,miredo,1
31037,prometheus-alertmanager,prometheus-alertmanager,prometheus-alertmanager,1
31076,downtimed,downtimed,downtimed,1
31181,prometheus-process-exporter,prometheus-process-exporter,prometheus-process-exporter,1
31407,wdm,wdm,wdm,1
31459,psad,psad,psad,1
32553,tt-rss,tt-rss,tt-rss,1
32563,aptitude-robot,aptitude-robot,aptitude-robot,1
32795,kamailio,kamailio,kamailio,1
32872,bandwidthd,bandwidthd,bandwidthd,1
32872,bandwidthd,bandwidthd-pgsql,bandwidthd,1
32897,guix,guix,guix-daemon,1
33092,shairport-sync,shairport-sync,shairport-sync,1
33110,aoetools,aoetools,aoetools,1
33312,postfwd,postfwd,postfwd,1
33556,lxd,lxd,lxd,1
33556,lxd,lxd,lxd-containers,1
33573,prometheus-blackbox-exporter,prometheus-blackbox-exporter,prometheus-blackbox-exporter,1
33806,dpdk,dpdk,dpdk,1
34060,htpdate,htpdate,htpdate,1
34998,redsocks,redsocks,redsocks,1
35098,mpd-sima,mpd-sima,mpd-sima,1
35154,consolation,consolation,consolation,1
35182,lcdproc,lcdproc,lcdproc,1
35510,knot,knot,knot,1
35628,dnsdist,dnsdist,dnsdist,1
35811,i2pd,i2pd,i2pd,1
36074,prometheus-apache-exporter,prometheus-apache-exporter,prometheus-apache-exporter,1
36222,mimedefang,mimedefang,mimedefang,1
36370,memlockd,memlockd,memlockd,1
36686,ocserv,ocserv,ocserv,1
37031,prometheus-mysqld-exporter,prometheus-mysqld-exporter,prometheus-mysqld-exporter,1
37478,etcd,etcd-server,etcd,1
37829,weborf,weborf-daemon,weborf,1
37879,jetty9,jetty9,jetty9,1
37975,prometheus-elasticsearch-exporter,prometheus-elasticsearch-exporter,prometheus-elasticsearch-exporter,1
38002,request-tracker4,request-tracker4,request-tracker4,1
38002,request-tracker4,rt4-fcgi,rt4-fcgi,1
38053,fwlogwatch,fwlogwatch,fwlogwatch,1
38205,systune,systune,systune,1
38354,opensnitch,opensnitch,opensnitch,1
38743,razercfg,razercfg,razerd,1
38750,spampd,spampd,spampd,1
38763,vblade,vblade,vblade,1
39063,lldpad,lldpad,lldpad,1
39125,rbldnsd,rbldnsd,rbldnsd,1
39282,mbpfan,mbpfan,mbpfan,1
39302,owfs,owftpd,owftpd,1
39302,owfs,owhttpd,owhttpd,1
39302,owfs,owserver,owserver,1
39563,pmacct,pmacct,nfacctd,1
39563,pmacct,pmacct,pmacctd,1
39563,pmacct,pmacct,sfacctd,1
39563,pmacct,pmacct,uacctd,1
39595,smcroute,smcroute,smcroute,1
40113,yaws,yaws,yaws,1
40125,c-icap,c-icap,c-icap,1
40285,miniupnpd,miniupnpd,miniupnpd,1
40302,opencryptoki,opencryptoki,pkcsslotd,1
40389,ckb-next,ckb-next,ckb-next-daemon,1
41133,exabgp,exabgp,exabgp,1
41339,bootcd,bootcd,bootcd,1
41790,prometheus-postgres-exporter,prometheus-postgres-exporter,prometheus-postgres-exporter,1
41866,autodir,autodir,autodir,1
41916,inspircd,inspircd,inspircd,1
41932,knot-resolver,knot-resolver,kresd,1
42051,pgpool2,pgpool2,pgpool2,1
42154,uruk,uruk,uruk,1
42189,e2guardian,e2guardian,e2guardian,1
42229,janus,janus,janus,1
42922,pagekite,pagekite,pagekite,1
43154,lsh-utils,lsh-server,lsh-server,1
43242,softflowd,softflowd,softflowd,1
43292,corosync-qdevice,corosync-qdevice,corosync-qdevice,1
43292,corosync-qdevice,corosync-qnetd,corosync-qnetd,1
43470,opendnssec,opendnssec-enforcer,opendnssec-enforcer,1
43470,opendnssec,opendnssec-signer,opendnssec-signer,1
43602,inn2,inn2,inn2,1
43764,prometheus-libvirt-exporter,prometheus-libvirt-exporter,prometheus-libvirt-exporter,1
43848,chkboot,chkboot,chkboot,1
43893,knxd,knxd,knxd,1
44708,swift,swift-account,swift-account,1
44708,swift,swift-account,swift-account-auditor,1
44708,swift,swift-account,swift-account-reaper,1
44708,swift,swift-account,swift-account-replicator,1
44708,swift,swift-container,swift-container,1
44708,swift,swift-container,swift-container-auditor,1
44708,swift,swift-container,swift-container-reconciler,1
44708,swift,swift-container,swift-container-replicator,1
44708,swift,swift-container,swift-container-sharder,1
44708,swift,swift-container,swift-container-sync,1
44708,swift,swift-container,swift-container-updater,1
44708,swift,swift-object,swift-object,1
44708,swift,swift-object,swift-object-auditor,1
44708,swift,swift-object-expirer,swift-object-expirer,1
44708,swift,swift-object,swift-object-reconstructor,1
44708,swift,swift-object,swift-object-replicator,1
44708,swift,swift-object,swift-object-updater,1
44708,swift,swift-proxy,swift-proxy,1
44712,taskd,taskd,taskd,1
44913,nghttp2,nghttp2-proxy,nghttpx,1
44916,nohang,nohang,nohang,1
45269,sympa,sympa,sympa,1
45322,djbdns,axfrdns,axfrdns,1
45322,djbdns,dnscache,dnscache,1
45322,djbdns,rbldns,rbldns,1
45322,djbdns,tinydns,tinydns,1
45322,djbdns,walldns,walldns,1
45570,prometheus-redis-exporter,prometheus-redis-exporter,prometheus-redis-exporter,1
45684,dnssec-trigger,dnssec-trigger,dnssec-triggerd,1
45716,inputlirc,inputlirc,inputlirc,1
46018,conman,conman,conman,1
46224,ngircd,ngircd,ngircd,1
46235,opa-fm,opa-fm,opa-fm,1
46601,puppetdb,puppetdb,puppetdb,1
47324,mythtv-status,mythtv-status,mythtv-status,1
47419,seatd,seatd,seatd,1
47454,buildbot,buildbot,buildbot,1
47454,buildbot,buildbot-worker,buildbot-worker,1
47725,prometheus-snmp-exporter,prometheus-snmp-exporter,prometheus-snmp-exporter,1
48102,nrpe-ng,nrpe-ng,nrpe-ng,1
48427,lsm,lsm,lsm,1
48533,sec,sec,sec,1
48579,arpon,arpon,arpon,1
48905,prometheus-bind-exporter,prometheus-bind-exporter,prometheus-bind-exporter,1
48993,uftp,uftp,uftp,1
49267,ndctl,ndctl,ndctl-monitor,1
49405,cubemap,cubemap,cubemap,1
49789,tryton-server,tryton-server,tryton-server,1
49844,dhcp-helper,dhcp-helper,dhcp-helper,1
49845,dico,dicod,dicod,1
49845,dico,dicod,dictd,1
50603,oomd,oomd,oomd,1
50795,endlessh,endlessh,endlessh,1
51205,unicorn,unicorn,unicorn,1
51611,patroni,patroni,patroni,1
51731,waagent,waagent,walinuxagent,1
52304,tarantool,tarantool-common,tarantool,1
52394,debomatic,debomatic,debomatic,1
52477,hitch,hitch,hitch,1
52540,libapache2-mod-tile,renderd,renderd,1
53453,pimd,pimd,pimd,1
54010,netconsole,netconsole,netconsole,1
54119,python-rtslib-fb,python3-rtslib-fb,rtslib-fb-targetctl,1
54182,sanlock,sanlock,sanlock,1
54182,sanlock,sanlock,wdmd,1
54857,twms,twms,twms,1
55443,sbd,sbd,sbd,1
55687,lcd4linux,lcd4linux,lcd4linux,1
55979,mandos,mandos,mandos,1
57631,ziproxy,ziproxy,ziproxy,1
57747,g15daemon,g15daemon,g15daemon,1
57764,glance,glance-api,glance-api,1
58342,restorecond,restorecond,restorecond,1
58450,smartdns,smartdns,smartdns,1
58452,sniproxy,sniproxy,sniproxy,1
58543,bip,bip,bip,1
59249,radioclk,radioclk,radioclk,1
59416,sidedoor,sidedoor,sidedoor,1
60341,rtpengine,rtpengine-daemon,rtpengine-daemon,1
60341,rtpengine,rtpengine-recording-daemon,rtpengine-recording-daemon,1
61000,mtail,mtail,mtail,1
62024,prometheus-postfix-exporter,prometheus-postfix-exporter,prometheus-postfix-exporter,1
62268,x2gobroker,x2gobroker-authservice,x2gobroker-authservice,1
62268,x2gobroker,x2gobroker-daemon,x2gobroker-daemon,1
62268,x2gobroker,x2gobroker-loadchecker,x2gobroker-loadchecker,1
62406,dnsproxy,dnsproxy,dnsproxy,1
63068,pgqd,pgqd,pgqd,1
63394,anope,anope,anope,1
63479,dkimpy-milter,dkimpy-milter,dkimpy-milter,1
64471,sks,sks,sks,1
64958,lemonldap-ng,lemonldap-ng-fastcgi-server,lemonldap-ng-fastcgi-server,1
65444,onionbalance,onionbalance,onionbalance,1
65671,radsecproxy,radsecproxy,radsecproxy,1
65958,dns-flood-detector,dns-flood-detector,dns-flood-detector,1
66137,l2tpns,l2tpns,l2tpns,1
66833,prometheus-ipmi-exporter,prometheus-ipmi-exporter,prometheus-ipmi-exporter,1
67037,trafficserver,trafficserver,trafficserver,1
67113,ample,ample,ample,1
67135,autolog,autolog,autolog,1
67212,curvedns,curvedns,curvedns,1
68288,pyroman,pyroman,pyroman,1
68622,all-knowing-dns,all-knowing-dns,all-knowing-dns,1
68793,dhcpy6d,dhcpy6d,dhcpy6d,1
68843,filetea,filetea,filetea,1
69706,myproxy,myproxy-server,myproxy-server,1
69763,openhpi,openhpid,openhpid,1
69898,pvpgn,pvpgn,pvpgn,1
70161,swupdate,swupdate,swupdate,1
70280,anytun,anytun,anytun,1
70306,binkd,binkd,binkd,1
70654,ipip,ipip,ipip,1
72232,depthcharge-tools,depthcharge-tools,depthcharge-tools,1
72241,direvent,direvent,direvent,1
73016,librtsp-server-perl,rtsp-server-perl,rtsp-server-perl,1
73275,mtpolicyd,mtpolicyd,mtpolicyd,1
73336,nutcracker,nutcracker,nutcracker,1
73350,onak,onak,onak,1
73441,policyd-rate-limit,policyd-rate-limit,policyd-rate-limit,1
73462,prometheus-mqtt-exporter,prometheus-mqtt-exporter,prometheus-mqtt-exporter,1
73795,switchconf,switchconf,switchconf,1
73898,zvbi,zvbi,zvbi,1
73946,batmand,batmand,batmand,1
74156,ffproxy,ffproxy,ffproxy,1
74394,ircd-irc2,ircd-irc2,ircd-irc2,1
74422,keystone,keystone,keystone,1
75530,prads,prads,prads,1
75758,robustirc-bridge,robustirc-bridge,robustirc-bridge,1
76305,debug-me,debug-me-server,debug-me,1
76556,infnoise,infnoise,infnoise,1
77939,prometheus-haproxy-exporter,prometheus-haproxy-exporter,prometheus-haproxy-exporter,1
78331,w1retap,w1retap,w1retap,1
80558,prometheus-squid-exporter,prometheus-squid-exporter,prometheus-squid-exporter,1
80563,ps-watcher,ps-watcher,ps-watcher,1
81291,ceph-iscsi,ceph-iscsi,rbd-target-api,1
81291,ceph-iscsi,ceph-iscsi,rbd-target-gw,1
81535,fcoe-utils,fcoe-utils,fcoe-utils,1
81571,freezer,freezer-scheduler,freezer-scheduler,1
81643,glewlwyd,glewlwyd,glewlwyd,1
81743,groonga,groonga-httpd,groonga-httpd,1
81743,groonga,groonga-server-gqtp,groonga-server-gqtp,1
81750,h2o,h2o,h2o,1
83238,mcstrans,mcstrans,mcstrans,1
83424,onionprobe,onionprobe,onionprobe,1
84132,sinfo,sinfo,sinfo,1
84178,syncache,syncache,syncache,1
84297,webdis,webdis,webdis,1
84336,yaskkserv,yaskkserv,yaskkserv,1
85155,inn,inn,inn,1
92921,bdii,bdii,bdii,1
94017,isc-kea,kea-ctrl-agent,kea-ctrl-agent,1
94017,isc-kea,kea-dhcp-ddns-server,kea-dhcp-ddns-server,1
94017,isc-kea,kea-dhcp4-server,kea-dhcp4-server,1
94017,isc-kea,kea-dhcp6-server,kea-dhcp6-server,1
94056,json2file-go,json2file-go,json2file-go,1
94162,ledgersmb,ledgersmb,ledgersmb,1
96716,netscript-2.4,netscript-2.4,netscript,1
96716,netscript-2.4,netscript-ipfilter,netscript,1
96883,openiked,openiked,openiked,1
96984,pglistener,pglistener,pglistener,1
97197,prometheus-mongodb-exporter,prometheus-mongodb-exporter,prometheus-mongodb-exporter,1
97732,rawdns,rawdns,rawdns,1
97749,request-tracker5,request-tracker5,request-tracker5,1
97749,request-tracker5,rt5-fcgi,rt5-fcgi,1
97887,schleuder,schleuder,schleuder-api-daemon,1
98368,writeboost,writeboost,writeboost,1
98549,apertium-apy,apertium-apy,apertium-apy,1
103372,natlog,natlog,natlog,1
103750,openstack-cluster-installer,openstack-cluster-installer-agent,openstack-cluster-installer-agent,1
108878,isatapd,isatapd,isatapd,1
109018,kgb-bot,kgb-bot,kgb-bot,1
110362,libiio,iiod,iiod,1
113201,magnum,magnum-api,magnum-api,1
113201,magnum,magnum-conductor,magnum-conductor,1
114159,pcsc-lite,pcscd,pcscd,1
114572,proxsmtp,proxsmtp,proxsmtp,1
114595,pushpin,pushpin,pushpin,1
116652,vrfydmn,vrfydmn,vrfydmn,1
117935,booth,booth,booth,1
120272,flamethrower,flamethrower,flamethrower,1
129454,lyskom-server,lyskom-server,lyskom-server,1
131107,osmo-ggsn,osmo-ggsn,osmo-ggsn,1
131865,prometheus-homeplug-exporter,prometheus-homeplug-exporter,prometheus-homeplug-exporter,1
131868,prometheus-pgbouncer-exporter,prometheus-pgbouncer-exporter,prometheus-pgbouncer-exporter,1
133338,rbootd,rbootd,rbootd,1
136045,yadifa,yadifa,yadifa,1
136079,zabbix,zabbix-agent,zabbix-agent,1
136079,zabbix,zabbix-agent2,zabbix-agent2,1
136079,zabbix,zabbix-java-gateway,zabbix-java-gateway,1
136079,zabbix,zabbix-proxy-mysql,zabbix-proxy,1
136079,zabbix,zabbix-proxy-pgsql,zabbix-proxy,1
136079,zabbix,zabbix-proxy-sqlite3,zabbix-proxy,1
136079,zabbix,zabbix-server-mysql,zabbix-server,1
136079,zabbix,zabbix-server-pgsql,zabbix-server,1
136079,zabbix,zabbix-web-service,zabbix-web-service,1
136995,alertmanager-irc-relay,alertmanager-irc-relay,alertmanager-irc-relay,1
142257,designate,designate-agent,designate-agent,1
142257,designate,designate-api,designate-api,1
142257,designate,designate-central,designate-central,1
142257,designate,designate-mdns,designate-mdns,1
142257,designate,designate-pool-manager,designate-pool-manager,1
142257,designate,designate-producer,designate-producer,1
142257,designate,designate-sink,designate-sink,1
142257,designate,designate-worker,designate-worker,1
142257,designate,designate-zone-manager,designate-zone-manager,1
146530,globus-gatekeeper,globus-gatekeeper,globus-gatekeeper,1
146945,goiardi,goiardi,goiardi,1
148584,hylafax,hylafax-server,hylafax,1
149858,ironic-inspector,ironic-inspector,ironic-inspector,1
174038,mailfromd,mailfromd,mailfromd,1
176327,nethack,nethack-common,nethack-common,1
178447,openssh,openssh-server,ssh,1
186238,sahara,sahara-api,sahara-api,1
186238,sahara,sahara-engine,sahara-engine,1
186822,shoelaces,shoelaces,shoelaces,1
191477,x2gothinclient,x2gothinclient-cdmanager,x2gothinclient-cdmanager,1
191477,x2gothinclient,x2gothinclient-displaymanager,x2gothinclient-displaymanager,1
192111,yrmcds,yrmcds,yrmcds,1
